기관명,설립유형,주소,교육지원청
거문초등학교병설유치원,공립(병설),전남광주통합특별시 여수시 삼산면 녹산등대길 8-17,여수교육지원청
경호초등학교병설유치원,공립(병설),전남광주통합특별시 여수시 대경도4길 48 (경호동),여수교육지원청
관기초등학교병설유치원,공립(병설),전남광주통합특별시 여수시 소라면 관기길 20,여수교육지원청
꽃가람유치원,사립(사인),전남광주통합특별시 여수시 여서2로 20 (여서동,여수교육지원청
도원초등학교병설유치원,공립(병설),전남광주통합특별시 여수시 선원4길 38 (선원동),여수교육지원청
동백초등학교병설유치원,공립(병설),전남광주통합특별시 여수시 돌산읍 강남10길 27,여수교육지원청
미주유치원,사립(사인),전남광주통합특별시 여수시 장성마을길 18-9 (안산동),여수교육지원청
백상유치원,사립(사인),전남광주통합특별시 여수시 좌수영로 441 (둔덕동),여수교육지원청
상암초등학교병설유치원,공립(병설),전남광주통합특별시 여수시 상암로 625 (상암동),여수교육지원청
선경유치원,사립(사인),전남광주통합특별시 여수시 양지3길 16 (미평동),여수교육지원청
성모유치원,사립(법인),전남광주통합특별시 여수시 신월로 799-2 (봉강동),여수교육지원청
소나무유치원,사립(사인),전남광주통합특별시 여수시 구봉2길 2 (국동),여수교육지원청
소라초등학교병설유치원,공립(병설),전남광주통합특별시 여수시 소라면 덕양로 431,여수교육지원청
소호초등학교병설유치원,공립(병설),전남광주통합특별시 여수시 소호로 499 (소호동),여수교육지원청
송현유치원,공립(단설),전남광주통합특별시 여수시 웅천7길 47 (웅천동),여수교육지원청
시온유치원,사립(사인),전남광주통합특별시 여수시 쌍봉로 318-1 (둔덕동),여수교육지원청
시전초등학교병설유치원,공립(병설),전남광주통합특별시 여수시 망마로 82-17 (신기동),여수교육지원청
신기초등학교병설유치원,공립(병설),전남광주통합특별시 여수시 여천체육공원길 24 (신기동),여수교육지원청
신풍초등학교병설유치원,공립(병설),전남광주통합특별시 여수시 율촌면 여순로 435-4,여수교육지원청
쌍봉초등학교병설유치원,공립(병설),전남광주통합특별시 여수시 흥국로 47 (학동),여수교육지원청
안심초등학교병설유치원,공립(병설),전남광주통합특별시 여수시 소호7길 23 (소호동),여수교육지원청
안일초등학교병설유치원,공립(병설),전남광주통합특별시 여수시 화양면 화양로 341-3,여수교육지원청
여남초등학교병설유치원,공립(병설),전남광주통합특별시 여수시 남면 금오로 836,여수교육지원청
여수구봉초등학교병설유치원,공립(병설),전남광주통합특별시 여수시 구봉산길 51 (국동),여수교육지원청
여수남초등학교병설유치원,공립(병설),전남광주통합특별시 여수시 어항로 22 (국동),여수교육지원청
여수동초등학교병설유치원,공립(병설),전남광주통합특별시 여수시 진남로 151 (공화동),여수교육지원청
여수문수초등학교병설유치원,공립(병설),전남광주통합특별시 여수시 허문정1길 48-5 (문수동),여수교육지원청
여수미평초등학교병설유치원,공립(병설),전남광주통합특별시 여수시 좌수영로 390 (미평동),여수교육지원청
여수봉산초등학교병설유치원,공립(병설),전남광주통합특별시 여수시 봉산새철4길 28 (봉산동),여수교육지원청
여수북초등학교병설유치원,공립(병설),전남광주통합특별시 여수시 망양로 306 (만흥동),여수교육지원청
여수서초등학교병설유치원,공립(병설),전남광주통합특별시 여수시 서교1길 29 (서교동),여수교육지원청
여수성산유치원,공립(단설),전남광주통합특별시 여수시 대통1길 15 (화장동),여수교육지원청
여수신월초등학교병설유치원,공립(병설),전남광주통합특별시 여수시 신월로 614 (신월동),여수교육지원청
여수양지초등학교병설유치원,공립(병설),전남광주통합특별시 여수시 양지1길 21 (미평동),여수교육지원청
여수여문초등학교병설유치원,공립(병설),전남광주통합특별시 여수시 문수로 142-16 (문수동),여수교육지원청
여수종고초등학교병설유치원,공립(병설),전남광주통합특별시 여수시 공화북6길 52 (덕충동),여수교육지원청
여수좌수영초등학교병설유치원,공립(병설),전남광주통합특별시 여수시 여문2로 50 (문수동),여수교육지원청
여수중앙유치원,사립(사인),전남광주통합특별시 여수시 여문1로 90 (문수동,여수교육지원청
여수중앙초등학교병설유치원,공립(병설),전남광주통합특별시 여수시 하멜로 35 (종화동),여수교육지원청
여수진남초등학교병설유치원,공립(병설),전남광주통합특별시 여수시 좌수영로 131 (광무동),여수교육지원청
여수한려초등학교병설유치원,공립(병설),전남광주통합특별시 여수시 여문1로 80 (문수동),여수교육지원청
여천초등학교병설유치원,공립(병설),전남광주통합특별시 여수시 주동1길 30 (주삼동),여수교육지원청
여천푸른유치원,사립(사인),전남광주통합특별시 여수시 소호2길 6-3 (소호동),여수교육지원청
영재유치원,사립(사인),전남광주통합특별시 여수시 여문2로 37 (문수동),여수교육지원청
예울초등학교병설유치원,공립(병설),전남광주통합특별시 여수시 웅천북4로 9 (웅천동),여수교육지원청
온누리유치원,사립(사인),전남광주통합특별시 여수시 신기남1길 6-10 (신기동),여수교육지원청
웅천초등학교병설유치원,공립(병설),전남광주통합특별시 여수시 웅천중앙로 61 (웅천동),여수교육지원청
율촌초등학교병설유치원,공립(병설),전남광주통합특별시 여수시 율촌면 율촌초교길 7,여수교육지원청
은혜유치원,사립(사인),전남광주통합특별시 여수시 안산2길 12 (안산동),여수교육지원청
제일유치원,사립(사인),전남광주통합특별시 여수시 여문2로 76 (문수동),여수교육지원청
죽림초등학교병설유치원,공립(병설),전남광주통합특별시 여수시 소라면 죽림로 60,여수교육지원청
킨더숲유치원,사립(사인),전남광주통합특별시 여수시 소라면 안심산길 155,여수교육지원청
하늘빛유치원,사립(사인),전남광주통합특별시 여수시 용수길 2-35 (둔덕동),여수교육지원청
해바라기유치원,사립(사인),전남광주통합특별시 여수시 무선6길 21 (선원동),여수교육지원청
화양초등학교병설유치원,공립(병설),전남광주통합특별시 여수시 화양면 화동로 149,여수교육지원청
기린숲유치원,사립(사인),전남광주통합특별시 순천시 해룡면 송산5길 1,순천교육지원청
꿈초롱유치원,사립(사인),전남광주통합특별시 순천시 원가곡2길 7-7 (가곡동),순천교육지원청
낙안초등학교병설유치원,공립(병설),전남광주통합특별시 순천시 낙안면 동서길 20,순천교육지원청
동명초등학교병설유치원,공립(병설),전남광주통합특별시 순천시 해룡면 동명초등길 23,순천교육지원청
동산초등학교병설유치원,공립(병설),전남광주통합특별시 순천시 서면 순천로 16,순천교육지원청
매안초등학교병설유치원,공립(병설),전남광주통합특별시 순천시 해룡면 좌야로 16,순천교육지원청
민들레유치원,사립(사인),전남광주통합특별시 순천시 해룡면 상비매봉길 23,순천교육지원청
별량초등학교병설유치원,공립(병설),전남광주통합특별시 순천시 별량면 별량길 58,순천교육지원청
상사초등학교병설유치원,공립(병설),전남광주통합특별시 순천시 상사면 상사초등길 55,순천교육지원청
새싹유치원,사립(사인),전남광주통합특별시 순천시 강변로 943 (석현동),순천교육지원청
성모유치원,사립(법인),전남광주통합특별시 순천시 서문로 19-1 (저전동),순천교육지원청
순천남산초등학교병설유치원,공립(병설),전남광주통합특별시 순천시 풍덕새길 89 (풍덕동),순천교육지원청
순천남초등학교병설유치원,공립(병설),전남광주통합특별시 순천시 서문로 7 (저전동),순천교육지원청
순천대석초등학교병설유치원,공립(병설),전남광주통합특별시 순천시 기적의도서관2길 52 (연향동),순천교육지원청
순천도사초등학교병설유치원,공립(병설),전남광주통합특별시 순천시 순천만길 166 (홍내동),순천교육지원청
순천봉화초등학교병설유치원,공립(병설),전남광주통합특별시 순천시 봉화1길 57 (조례동),순천교육지원청
순천부영초등학교병설유치원,공립(병설),전남광주통합특별시 순천시 연향중앙상가길 68 (연향동),순천교육지원청
순천북유치원,공립(단설),전남광주통합특별시 순천시 북정3길 11 (매곡동),순천교육지원청
순천비봉유치원,공립(단설),전남광주통합특별시 순천시 비봉길 90-1 (조례동),순천교육지원청
순천성남초등학교병설유치원,공립(병설),전남광주통합특별시 순천시 우석로 160 (남정동),순천교육지원청
순천성동초등학교병설유치원,공립(병설),전남광주통합특별시 순천시 황금2길 28 (동외동),순천교육지원청
순천신흥초등학교병설유치원,공립(병설),전남광주통합특별시 순천시 장선배기길 60 (조례동),순천교육지원청
순천연향초등학교병설유치원,공립(병설),전남광주통합특별시 순천시 연향번영길 11 (연향동),순천교육지원청
순천왕운초등학교병설유치원,공립(병설),전남광주통합특별시 순천시 왕지3길 41 (왕지동),순천교육지원청
순천왕조초등학교병설유치원,공립(병설),전남광주통합특별시 순천시 봉화1길 105 (조례동),순천교육지원청
순천왕지초등학교병설유치원,공립(병설),전남광주통합특별시 순천시 연동남3길 8 (조례동),순천교육지원청
순천율산유치원,공립(단설),전남광주통합특별시 순천시 도장길 10 (연향동),순천교육지원청
순천이수초등학교병설유치원,공립(병설),전남광주통합특별시 순천시 우명길 24 (조례동),순천교육지원청
순천정원유치원,공립(단설),전남광주통합특별시 순천시 역전장길 55 (풍덕동),순천교육지원청
순천제일대학교부설유치원,사립(사인),전남광주통합특별시 순천시 제일대학길 17 (덕월동),순천교육지원청
순천조례초등학교병설유치원,공립(병설),전남광주통합특별시 순천시 순광로 15 (조례동),순천교육지원청
순천풍덕초등학교병설유치원,공립(병설),전남광주통합특별시 순천시 팔마1길 9-10 (연향동),순천교육지원청
승주초등학교병설유치원,공립(병설),전남광주통합특별시 순천시 승주읍 승주로 639,순천교육지원청
신대유치원,공립(단설),전남광주통합특별시 순천시 해룡면 좌야로 77-19,순천교육지원청
신대초등학교병설유치원,공립(병설),전남광주통합특별시 순천시 해룡면 좌야로 159-10,순천교육지원청
아이미소유치원,사립(사인),전남광주통합특별시 순천시 해룡면 매안1길 23,순천교육지원청
안데르센유치원,사립(사인),전남광주통합특별시 순천시 왕궁중앙길 34 (조례동),순천교육지원청
에코드림유치원,사립(사인),전남광주통합특별시 순천시 해룡면 매안5길 15,순천교육지원청
연향석화유치원,사립(사인),전남광주통합특별시 순천시 연향중앙상가길 80 (연향동,순천교육지원청
외서초등학교병설유치원,공립(병설),전남광주통합특별시 순천시 외서면 반월로 6,순천교육지원청
제일유치원,사립(법인),전남광주통합특별시 순천시 해룡면 상성길 222,순천교육지원청
주암초등학교병설유치원,공립(병설),전남광주통합특별시 순천시 주암면 동주로 2093,순천교육지원청
창촌초등학교병설유치원,공립(병설),전남광주통합특별시 순천시 주암면 창동주암길 3,순천교육지원청
청솔장미유치원,사립(사인),전남광주통합특별시 순천시 해룡면 장선배기길 284 (청솔아파트),순천교육지원청
킨더캐슬유치원,사립(사인),전남광주통합특별시 순천시 해룡면 신대로 97 (중흥에스-클래스5단지),순천교육지원청
팔마초등학교병설유치원,공립(병설),전남광주통합특별시 순천시 해룡면 장선배기길 113,순천교육지원청
해룡초등학교병설유치원,공립(병설),전남광주통합특별시 순천시 해룡면 해룡로 1119,순천교육지원청
황전초등학교병설유치원,공립(병설),전남광주통합특별시 순천시 황전면 수평길 21,순천교육지원청
힘스유치원,사립(사인),전남광주통합특별시 순천시 해룡면 정채봉길 39-37,순천교육지원청
골약초등학교병설유치원,공립(병설),전남광주통합특별시 광양시 하포길 70-7 (황길동),광양교육지원청
광양가야초등학교병설유치원,공립(병설),전남광주통합특별시 광양시 가야로 369 (광영동),광양교육지원청
광양덕례초등학교병설유치원,공립(병설),전남광주통합특별시 광양시 광양읍 서산길 77,광양교육지원청
광양동초등학교병설유치원,공립(병설),전남광주통합특별시 광양시 광양읍 읍성길 61,광양교육지원청
광양마동초등학교병설유치원,공립(병설),전남광주통합특별시 광양시 진등6길 14 (마동),광양교육지원청
광양마로초등학교병설유치원,공립(병설),전남광주통합특별시 광양시 광양읍 와룡길 60,광양교육지원청
광양백운초등학교병설유치원,공립(병설),전남광주통합특별시 광양시 광장로 21 (중동),광양교육지원청
광양서초등학교병설유치원,공립(병설),전남광주통합특별시 광양시 광양읍 숲샘길 29,광양교육지원청
광양용강초등학교병설유치원,공립(병설),전남광주통합특별시 광양시 광양읍 용강1길 40,광양교육지원청
광양제철유치원,사립(법인),전남광주통합특별시 광양시 금호로 84 (금호동),광양교육지원청
광양중동초등학교병설유치원,공립(병설),전남광주통합특별시 광양시 광장로 112-6 (중동),광양교육지원청
광양중마유치원,공립(단설),전남광주통합특별시 광양시 구마10길 3-10 (중동),광양교육지원청
광양중앙초등학교병설유치원,공립(병설),전남광주통합특별시 광양시 불무길 15 (중동),광양교육지원청
광양중진초등학교병설유치원,공립(병설),전남광주통합특별시 광양시 광장로 75 (중동),광양교육지원청
광양칠성초등학교병설유치원,공립(병설),전남광주통합특별시 광양시 광양읍 서평로 60,광양교육지원청
광영초등학교병설유치원,공립(병설),전남광주통합특별시 광양시 금영로 140 (광영동),광양교육지원청
리베유치원,사립(법인),전남광주통합특별시 광양시 광양읍 신재로 82 (목성아파트),광양교육지원청
부경유치원,사립(사인),전남광주통합특별시 광양시 진등5길 25 (마동),광양교육지원청
뽀뽀뽀유치원,사립(사인),전남광주통합특별시 광양시 광영큰골길 26 (광영동),광양교육지원청
산새소리숲유치원,사립(사인),전남광주통합특별시 광양시 용장길 219 (성황동),광양교육지원청
성황초등학교병설유치원,공립(병설),전남광주통합특별시 광양시 지동길 15 (성황동),광양교육지원청
신화유치원,사립(사인),전남광주통합특별시 광양시 공영로 10 (중동,광양교육지원청
엔젤유치원,사립(사인),전남광주통합특별시 광양시 등논3길 5-4 (마동),광양교육지원청
옥곡초등학교병설유치원,공립(병설),전남광주통합특별시 광양시 옥곡면 옥진로 623,광양교육지원청
옥룡초등학교병설유치원,공립(병설),전남광주통합특별시 광양시 옥룡면 신재로 607,광양교육지원청
진상초등학교병설유치원,공립(병설),전남광주통합특별시 광양시 진상면 신시2길 44,광양교육지원청
진월초등학교병설유치원,공립(병설),전남광주통합특별시 광양시 진월면 방죽1길 10,광양교육지원청
태인초등학교병설유치원,공립(병설),전남광주통합특별시 광양시 태인길 95 (태인동),광양교육지원청
혜화유치원,사립(사인),전남광주통합특별시 광양시 영수길 94 (광영동),광양교육지원청
